product_sku,count_helpdesk,count_legacy_fd,total_inr_helpdesk,total_inr_legacy_fd,avg_inr_helpdesk,avg_inr_legacy_fd,median_inr_helpdesk,median_inr_legacy_fd,product_name,family,avg_diff
VA-HP-ST3,121,81,698080.0,46382300.0,5769.0,572621.0,6649.0,629900.0,Strata 3 Over-Ear Headphones,headphones,566852.0
VA-SW-NX2,162,106,829102.0,54159000.0,5118.0,510934.0,5849.0,584900.0,Nexa 2 Smartwatch,watch,505816.0
VA-SP-ORB,52,35,230182.0,14334700.0,4427.0,409563.0,5399.0,539900.0,Orbit Smart Speaker,speaker,405136.0
VA-SW-NX1,45,23,184913.0,8855700.0,4109.0,385030.0,4499.0,474900.0,Nexa Smartwatch,watch,380921.0
VA-HP-ST2,47,35,184711.0,12446100.0,3930.0,355603.0,4499.0,399900.0,Strata 2 Over-Ear Headphones,headphones,351673.0
VA-EB-PL2,566,91,1577650.0,24185700.0,2787.0,265777.0,3149.0,297400.0,Pulse 2 True Wireless Earbuds,earbuds,262990.0
VA-EB-PL1,170,110,338579.0,22526900.0,1992.0,204790.0,2249.0,224900.0,Pulse True Wireless Earbuds,earbuds,202798.0
VA-SP-MINI,127,58,265648.0,10927400.0,2092.0,188403.0,2374.0,237400.0,Orbit Mini Speaker,speaker,186311.0
VA-SW-FIT,84,66,135321.0,10575200.0,1611.0,160230.0,1799.0,179900.0,Nexa Fit Band,watch,158619.0
VA-EB-AIR,140,100,202701.0,14841600.0,1448.0,148416.0,1709.0,170900.0,AirLite Earbuds,earbuds,146968.0
VA-NB-ARC,50,28,54973.0,2966800.0,1099.0,105957.0,1234.0,116900.0,Arc Neckband,earbuds,104858.0
VA-AC-CH65,34,21,44796.0,2223100.0,1318.0,105862.0,1349.0,127400.0,65W GaN Charger,accessory,104544.0
VA-AC-CASE,64,4,64061.0,412400.0,1001.0,103100.0,1169.0,110400.0,Pulse Charging Case (spare),accessory,102099.0
VA-AC-CBL,28,17,7164.0,469300.0,256.0,27606.0,319.0,20000.0,USB-C Braided Cable,accessory,27350.0
